Employee ID,Employee Name,First Name,Last Name,Login ID,Email,Department,Job Role,Joining Year,Joining Serial,Company Code
EMP001,Arun Kumar,Arun,Kumar,OIAK20220001,arun.kumar@dayflow.com,Engineering,Software Engineer,2022,1,OI
EMP002,Anitha Ravi,Anitha,Ravi,OIAR20230001,anitha.ravi@dayflow.com,HR,HR Executive,2023,1,OI
EMP003,Karthik Rajan,Karthik,Rajan,OIKR20240001,karthik.rajan@dayflow.com,Finance,Financial Analyst,2024,1,OI
EMP004,Divya Suresh,Divya,Suresh,OIDS20250001,divya.suresh@dayflow.com,Marketing,Marketing Executive,2025,1,OI
EMP005,Vignesh Prabhu,Vignesh,Prabhu,OIVP20220002,vignesh.prabhu@dayflow.com,Engineering,Frontend Developer,2022,2,OI
EMP006,Keerthana Mohan,Keerthana,Mohan,OIKM20230002,keerthana.mohan@dayflow.com,Operations,Operations Executive,2023,2,OI
EMP007,Pradeep Kumar,Pradeep,Kumar,OIPK20240002,pradeep.kumar@dayflow.com,Engineering,Backend Developer,2024,2,OI
EMP008,Harini Krishnan,Harini,Krishnan,OIHK20250002,harini.krishnan@dayflow.com,HR,Talent Associate,2025,2,OI
EMP009,Sanjay Balan,Sanjay,Balan,OISB20220003,sanjay.balan@dayflow.com,Sales,Sales Executive,2022,3,OI
EMP010,Nandhini Ramesh,Nandhini,Ramesh,OINR20230003,nandhini.ramesh@dayflow.com,Finance,Accountant,2023,3,OI
EMP011,Ashwin Raj,Ashwin,Raj,OIAR20240003,ashwin.raj@dayflow.com,Engineering,Software Engineer,2024,3,OI
EMP012,Swetha Mohan,Swetha,Mohan,OISM20250003,swetha.mohan@dayflow.com,HR,HR Executive,2025,3,OI
EMP013,Dinesh Karthik,Dinesh,Karthik,OIDK20220004,dinesh.karthik@dayflow.com,Finance,Financial Analyst,2022,4,OI
EMP014,Pavithra Siva,Pavithra,Siva,OIPS20230004,pavithra.siva@dayflow.com,Marketing,Marketing Executive,2023,4,OI
EMP015,Surya Narayanan,Surya,Narayanan,OISN20240004,surya.narayanan@dayflow.com,Engineering,Frontend Developer,2024,4,OI
EMP016,Janani Arun,Janani,Arun,OIJA20250004,janani.arun@dayflow.com,Operations,Operations Executive,2025,4,OI
EMP017,Gokul Krishnan,Gokul,Krishnan,OIGK20220005,gokul.krishnan@dayflow.com,Engineering,Backend Developer,2022,5,OI
EMP018,Deepa Ravi,Deepa,Ravi,OIDR20230005,deepa.ravi@dayflow.com,HR,Talent Associate,2023,5,OI
EMP019,Lokesh Babu,Lokesh,Babu,OILB20240005,lokesh.babu@dayflow.com,Sales,Sales Executive,2024,5,OI
EMP020,Priya Shankar,Priya,Shankar,OIPS20250005,priya.shankar@dayflow.com,Finance,Accountant,2025,5,OI
EMP021,Manoj Kumar,Manoj,Kumar,OIMK20220006,manoj.kumar@dayflow.com,Engineering,Software Engineer,2022,6,OI
EMP022,Aishwarya Suresh,Aishwarya,Suresh,OIAS20230006,aishwarya.suresh@dayflow.com,HR,HR Executive,2023,6,OI
EMP023,Rohit Rajan,Rohit,Rajan,OIRR20240006,rohit.rajan@dayflow.com,Finance,Financial Analyst,2024,6,OI
EMP024,Shalini Prakash,Shalini,Prakash,OISP20250006,shalini.prakash@dayflow.com,Marketing,Marketing Executive,2025,6,OI
EMP025,Madhan Selvam,Madhan,Selvam,OIMS20220007,madhan.selvam@dayflow.com,Engineering,Frontend Developer,2022,7,OI
EMP026,Vaishnavi Kannan,Vaishnavi,Kannan,OIVK20230007,vaishnavi.kannan@dayflow.com,Operations,Operations Executive,2023,7,OI
EMP027,Naveen Murugan,Naveen,Murugan,OINM20240007,naveen.murugan@dayflow.com,Engineering,Backend Developer,2024,7,OI
EMP028,Kavya Ramesh,Kavya,Ramesh,OIKR20250007,kavya.ramesh@dayflow.com,HR,Talent Associate,2025,7,OI
EMP029,Sathish Kumar,Sathish,Kumar,OISK20220008,sathish.kumar@dayflow.com,Sales,Sales Executive,2022,8,OI
EMP030,Meena Sivakumar,Meena,Sivakumar,OIMS20230008,meena.sivakumar@dayflow.com,Finance,Accountant,2023,8,OI
EMP031,Vijay Anand,Vijay,Anand,OIVA20240008,vijay.anand@dayflow.com,Engineering,Software Engineer,2024,8,OI
EMP032,Sowmya Ravi,Sowmya,Ravi,OISR20250008,sowmya.ravi@dayflow.com,HR,HR Executive,2025,8,OI
EMP033,Balaji Mohan,Balaji,Mohan,OIBM20220009,balaji.mohan@dayflow.com,Finance,Financial Analyst,2022,9,OI
EMP034,Dhivya Karthik,Dhivya,Karthik,OIDK20230009,dhivya.karthik@dayflow.com,Marketing,Marketing Executive,2023,9,OI
EMP035,Aravind Prasad,Aravind,Prasad,OIAP20240009,aravind.prasad@dayflow.com,Engineering,Frontend Developer,2024,9,OI
EMP036,Ramya Suresh,Ramya,Suresh,OIRS20250009,ramya.suresh@dayflow.com,Operations,Operations Executive,2025,9,OI
EMP037,Bharath Rajan,Bharath,Rajan,OIBR20220010,bharath.rajan@dayflow.com,Engineering,Backend Developer,2022,10,OI
EMP038,Abinaya Kumar,Abinaya,Kumar,OIAK20230010,abinaya.kumar@dayflow.com,HR,Talent Associate,2023,10,OI
EMP039,Saravanan Muthu,Saravanan,Muthu,OISM20240010,saravanan.muthu@dayflow.com,Sales,Sales Executive,2024,10,OI
EMP040,Lalitha Balan,Lalitha,Balan,OILB20250010,lalitha.balan@dayflow.com,Finance,Accountant,2025,10,OI
EMP041,Muthukumar Ravi,Muthukumar,Ravi,OIMR20220011,muthukumar.ravi@dayflow.com,Engineering,Software Engineer,2022,11,OI
EMP042,Gayathri Prakash,Gayathri,Prakash,OIGP20230011,gayathri.prakash@dayflow.com,HR,HR Executive,2023,11,OI
EMP043,Sriram Narayanan,Sriram,Narayanan,OISN20240011,sriram.narayanan@dayflow.com,Finance,Financial Analyst,2024,11,OI
EMP044,Preethi Kannan,Preethi,Kannan,OIPK20250011,preethi.kannan@dayflow.com,Marketing,Marketing Executive,2025,11,OI
EMP045,Dharshan Siva,Dharshan,Siva,OIDS20220012,dharshan.siva@dayflow.com,Engineering,Frontend Developer,2022,12,OI
EMP046,Aparna Mohan,Aparna,Mohan,OIAM20230012,aparna.mohan@dayflow.com,Operations,Operations Executive,2023,12,OI
EMP047,Kishore Babu,Kishore,Babu,OIKB20240012,kishore.babu@dayflow.com,Engineering,Backend Developer,2024,12,OI
EMP048,Reshma Ramesh,Reshma,Ramesh,OIRR20250012,reshma.ramesh@dayflow.com,HR,Talent Associate,2025,12,OI
EMP049,Ranjith Kumar,Ranjith,Kumar,OIRK20220013,ranjith.kumar@dayflow.com,Sales,Sales Executive,2022,13,OI
EMP050,Anjali Krishnan,Anjali,Krishnan,OIAK20230013,anjali.krishnan@dayflow.com,Finance,Accountant,2023,13,OI
EMP051,Vasanth Raj,Vasanth,Raj,OIVR20240013,vasanth.raj@dayflow.com,Engineering,Software Engineer,2024,13,OI
EMP052,Hema Suresh,Hema,Suresh,OIHS20250013,hema.suresh@dayflow.com,HR,HR Executive,2025,13,OI
EMP053,Vimal Rajan,Vimal,Rajan,OIVR20220014,vimal.rajan@dayflow.com,Finance,Financial Analyst,2022,14,OI
EMP054,Mahalakshmi Ravi,Mahalakshmi,Ravi,OIMR20230014,mahalakshmi.ravi@dayflow.com,Marketing,Marketing Executive,2023,14,OI
EMP055,Kannan Selvam,Kannan,Selvam,OIKS20240014,kannan.selvam@dayflow.com,Engineering,Frontend Developer,2024,14,OI
EMP056,Revathi Mohan,Revathi,Mohan,OIRM20250014,revathi.mohan@dayflow.com,Operations,Operations Executive,2025,14,OI
EMP057,Ajay Kumar,Ajay,Kumar,OIAK20220015,ajay.kumar@dayflow.com,Engineering,Backend Developer,2022,15,OI
EMP058,Ramya Karthik,Ramya,Karthik,OIRK20230015,ramya.karthik@dayflow.com,HR,Talent Associate,2023,15,OI
EMP059,Suresh Balan,Suresh,Balan,OISB20240015,suresh.balan@dayflow.com,Sales,Sales Executive,2024,15,OI
EMP060,Nivetha Prasad,Nivetha,Prasad,OINP20250015,nivetha.prasad@dayflow.com,Finance,Accountant,2025,15,OI
EMP061,Pranav Ravi,Pranav,Ravi,OIPR20220016,pranav.ravi@dayflow.com,Engineering,Software Engineer,2022,16,OI
EMP062,Sindhu Shankar,Sindhu,Shankar,OISS20230016,sindhu.shankar@dayflow.com,HR,HR Executive,2023,16,OI
EMP063,Dhanush Kumar,Dhanush,Kumar,OIDK20240016,dhanush.kumar@dayflow.com,Finance,Financial Analyst,2024,16,OI
EMP064,Aarthi Suresh,Aarthi,Suresh,OIAS20250016,aarthi.suresh@dayflow.com,Marketing,Marketing Executive,2025,16,OI
EMP065,Mohan Raj,Mohan,Raj,OIMR20220017,mohan.raj@dayflow.com,Engineering,Frontend Developer,2022,17,OI
EMP066,Yamuna Kannan,Yamuna,Kannan,OIYK20230017,yamuna.kannan@dayflow.com,Operations,Operations Executive,2023,17,OI
EMP067,Rakesh Muthu,Rakesh,Muthu,OIRM20240017,rakesh.muthu@dayflow.com,Engineering,Backend Developer,2024,17,OI
EMP068,Sharmila Ramesh,Sharmila,Ramesh,OISR20250017,sharmila.ramesh@dayflow.com,HR,Talent Associate,2025,17,OI
EMP069,Hari Krishnan,Hari,Krishnan,OIHK20220018,hari.krishnan@dayflow.com,Sales,Sales Executive,2022,18,OI
EMP070,Abinaya Ravi,Abinaya,Ravi,OIAR20230018,abinaya.ravi@dayflow.com,Finance,Accountant,2023,18,OI
EMP071,Surendran Babu,Surendran,Babu,OISB20240018,surendran.babu@dayflow.com,Engineering,Software Engineer,2024,18,OI
EMP072,Monisha Kumar,Monisha,Kumar,OIMK20250018,monisha.kumar@dayflow.com,HR,HR Executive,2025,18,OI
EMP073,Vivek Siva,Vivek,Siva,OIVS20220019,vivek.siva@dayflow.com,Finance,Financial Analyst,2022,19,OI
EMP074,Dhanya Mohan,Dhanya,Mohan,OIDM20230019,dhanya.mohan@dayflow.com,Marketing,Marketing Executive,2023,19,OI
EMP075,Raghu Prasad,Raghu,Prasad,OIRP20240019,raghu.prasad@dayflow.com,Engineering,Frontend Developer,2024,19,OI
EMP076,Sangeetha Rajan,Sangeetha,Rajan,OISR20250019,sangeetha.rajan@dayflow.com,Operations,Operations Executive,2025,19,OI
EMP077,Karthikeyan Ravi,Karthikeyan,Ravi,OIKR20220020,karthikeyan.ravi@dayflow.com,Engineering,Backend Developer,2022,20,OI
EMP078,Keerthana Kumar,Keerthana,Kumar,OIKK20230020,keerthana.kumar@dayflow.com,HR,Talent Associate,2023,20,OI
EMP079,Nithin Suresh,Nithin,Suresh,OINS20240020,nithin.suresh@dayflow.com,Sales,Sales Executive,2024,20,OI
EMP080,Lavanya Balan,Lavanya,Balan,OILB20250020,lavanya.balan@dayflow.com,Finance,Accountant,2025,20,OI
EMP081,Sanjana Mohan,Sanjana,Mohan,OISM20220021,sanjana.mohan@dayflow.com,Engineering,Software Engineer,2022,21,OI
EMP082,Manikandan Ramesh,Manikandan,Ramesh,OIMR20230021,manikandan.ramesh@dayflow.com,HR,HR Executive,2023,21,OI
EMP083,Rithika Kannan,Rithika,Kannan,OIRK20240021,rithika.kannan@dayflow.com,Finance,Financial Analyst,2024,21,OI
EMP084,Girish Raj,Girish,Raj,OIGR20250021,girish.raj@dayflow.com,Marketing,Marketing Executive,2025,21,OI
EMP085,Akash Prabhu,Akash,Prabhu,OIAP20220022,akash.prabhu@dayflow.com,Engineering,Frontend Developer,2022,22,OI
EMP086,Sowmiya Krishnan,Sowmiya,Krishnan,OISK20230022,sowmiya.krishnan@dayflow.com,Operations,Operations Executive,2023,22,OI
EMP087,Tharun Kumar,Tharun,Kumar,OITK20240022,tharun.kumar@dayflow.com,Engineering,Backend Developer,2024,22,OI
EMP088,Bhavya Ravi,Bhavya,Ravi,OIBR20250022,bhavya.ravi@dayflow.com,HR,Talent Associate,2025,22,OI
EMP089,Jeeva Suresh,Jeeva,Suresh,OIJS20220023,jeeva.suresh@dayflow.com,Sales,Sales Executive,2022,23,OI
EMP090,Nithya Mohan,Nithya,Mohan,OINM20230023,nithya.mohan@dayflow.com,Finance,Accountant,2023,23,OI
EMP091,Saran Balan,Saran,Balan,OISB20240023,saran.balan@dayflow.com,Engineering,Software Engineer,2024,23,OI
EMP092,Malavika Rajan,Malavika,Rajan,OIMR20250023,malavika.rajan@dayflow.com,HR,HR Executive,2025,23,OI
EMP093,Vishnu Prasad,Vishnu,Prasad,OIVP20220024,vishnu.prasad@dayflow.com,Finance,Financial Analyst,2022,24,OI
EMP094,Madhumitha Kumar,Madhumitha,Kumar,OIMK20230024,madhumitha.kumar@dayflow.com,Marketing,Marketing Executive,2023,24,OI
EMP095,Dinesh Ravi,Dinesh,Ravi,OIDR20240024,dinesh.ravi@dayflow.com,Engineering,Frontend Developer,2024,24,OI
EMP096,Harish Siva,Harish,Siva,OIHS20250024,harish.siva@dayflow.com,Operations,Operations Executive,2025,24,OI
EMP097,Kavin Mohan,Kavin,Mohan,OIKM20220025,kavin.mohan@dayflow.com,Engineering,Backend Developer,2022,25,OI
EMP098,Anusha Krishnan,Anusha,Krishnan,OIAK20230025,anusha.krishnan@dayflow.com,HR,Talent Associate,2023,25,OI
EMP099,Ragav Kannan,Ragav,Kannan,OIRK20240025,ragav.kannan@dayflow.com,Sales,Sales Executive,2024,25,OI
EMP100,Pooja Ramesh,Pooja,Ramesh,OIPR20250025,pooja.ramesh@dayflow.com,Finance,Accountant,2025,25,OI
